key,code,motivation,goals,key:student,key:course
enrolment-01,TU001,Example of motivation,"goal-1, goal-2, goal-3",student-01,course-01
enrolment-02,TUT001,Motivation 1,"goal-1, goal-2, goal-3",student-01,course-01
enrolment-03,TU002,Motivation 2,"goal-1, goal-2, goal-3",student-02,course-02
enrolment-04,T003,Motivation 3,"goal-1, goal-2, goal-3",student-01,course-02
enrolment-05,T004,The motivation go to reach exactly 75chars so the restriction can be proved,"goal-1, goal-2, goal-3",student-02,course-02
enrolment-06,T005,The motivation go to reach exactly 75-1ch so the restriction can be proved,"goal-1, goal-2, goal-3",student-02,course-02
enrolment-07,T006,M,"goal-1, goal-2, goal-3",student-01,course-01
enrolment-08,T007,Mo,"goal-1, goal-2, goal-3",student-02,course-02
enrolment-09,T008,<title>ExampleHTML</title>,"goal-1, goal-2, goal-3",student-01,course-01
enrolment-10,T009,<script>alert('exampleJS');</script>,"goal-1, goal-2, goal-3",student-02,course-01
enrolment-11,T010,示例文本,"goal-1, goal-2, goal-3",student-01,course-02
enrolment-12,T011,Motivation 4,This text for goals will reach 100 characters so the restriction can be proved in the maximum value.,student-02,course-01
enrolment-13,T012,Motivation 5,This text for goals will reach 100 - 1 chars so the restriction can be proved in the max - 1 value.,student-01,course-01
enrolment-14,T013,Motivation 6,T,student-01,course-02
enrolment-15,T014,Motivation 7,T1,student-02,course-01
enrolment-16,T015,Motivation 8,<title>ExampleHTML</title>,student-02,course-01
enrolment-17,T016,Motivation 9,<script>alert('exampleJS');</script>,student-02,course-02
enrolment-18,T017,Motivation 10,ข้อความตัวอย่าง.,student-02,course-02