key,instantiation-moment,title,author,message,email-address,url
note-01,2022/01/01 00:00,title-note,author-note,message-note,null,null
note-02,2022/07/30 00:00,title-note,author-note,message-note,null,null
note-03,2022/07/29 23:00,title-note,author-note,message-note,null,null
note-04,2022/07/29 23:00,T,author-note,message-note,null,null
note-05,2022/07/29 23:00,Ti,author-note,message-note,null,null
note-06,2022/07/29 23:00,"This title has aprox. 75 characters so dont try to add any more or app die.",author-note,message-note,null,null
note-07,2022/07/29 23:00,"This title has aprox. 74 characters so dont try to add any more or app die",author-note,message-note,null,null
note-08,2022/07/29 23:00,<h1>Title-note</h1>,author-note,message-note,null,null
note-09,2022/07/29 23:00,<script>alert("Title-note");</script>,author-note,message-note,null,null
note-10,2022/07/29 23:00,見出しオファー,author-note,message-note,null,null
note-11,2022/07/29 23:00,வணக்கம்,author-note,message-note,null,null
note-12,2022/07/29 23:00,title-note,A,message-note,null,null
note-13,2022/07/29 23:00,title-note,Au,message-note,null,null
note-14,2022/07/29 23:00,title-note,"This title has aprox. 75 characters so dont try to add any more or app die.",message-note,null,null
note-15,2022/07/29 23:00,title-note,"This title has aprox. 74 characters so dont try to add any more or app die",message-note,null,null
note-16,2022/07/29 23:00,title-note,<h1>Author-note</h1>,message-note,null,null
note-17,2022/07/29 23:00,title-note,<script>alert("Title-note");</script>,message-note,null,null
note-18,2022/07/29 23:00,title-note,Hallå,message-note,null,null
note-19,2022/07/29 23:00,title-note,हॅलो,message-note,null,null
note-20,2022/07/29 23:00,title-note,author-note,M,null,null
note-21,2022/07/29 23:00,title-note,author-note,Me,null,null
note-22,2022/07/29 23:00,title-note,author-note,"This titleee has aprox 100 characters so dont try add any more or ap'll die with terrible suffering.",null,null
note-23,2022/07/29 23:00,title-note,author-note,"This titleee has aprox 99 characters so dont try add any more or ap'll die with terrible suffering.",null,null
note-24,2022/07/29 23:00,title-note,author-note,<h1>Message-note</h1>,null,null
note-25,2022/07/29 23:00,title-note,author-note,<script>alert("Message-note");</script>,null,null
note-26,2022/07/29 23:00,title-note,author-note,नमस्कार,null,null
note-27,2022/07/29 23:00,title-note,author-note,გამარჯობა,null,null
note-28,2022/07/29 23:00,title-note,author-note,message-note,null,null
note-29,2022/07/29 23:00,title-note,author-note,message-note,note.dom@hotmail.com,null
note-30,2022/07/29 23:00,title-note,author-note,message-note,note@gmail.com,null
note-31,2022/07/29 23:00,title-note,author-note,message-note,null,https:\\www.example.note.com
note-32,2022/07/29 23:00,title-note,author-note,message-note,null,http:\\www.example.note.com
note-33,2022/07/29 23:00,title-note,author-note,message-note,null,https:\\www.example.note.es