key,moment,title,nick,message,link,email
peep-01,2022/01/01 00:00,title-peep,nick-peep,message-peep,null,null
peep-02,2022/07/30 00:00,title-peep,nick-peep,message-peep,null,null
peep-03,2022/07/29 23:00,title-peep,nick-peep,message-peep,null,null
peep-04,2022/01/01 00:00,T,nick-peep,message-peep,null,null
peep-05,2022/01/01 00:00,Ti,nick-peep,message-peep,null,null
peep-06,2022/01/01 00:00,This title has aprox. 75 characters so dont try to add any more or app die.,nick-peep,message-peep,null,null
peep-07,2022/01/01 00:00,This title has aprox. 74 characters so dont try to add any more or app die,nick-peep,message-peep,null,null
peep-08,2022/01/01 00:00,<h1>Title-peep</h1>,nick-peep,message-peep,null,null
peep-09,2022/01/01 00:00,"<script>alert(""Title-peep"");</script>",nick-peep,message-peep,null,null
peep-10,2022/01/01 00:00,見出しオファー,nick-peep,message-peep,null,null
peep-11,2022/01/01 00:00,добры дзень,nick-peep,message-peep,null,null
peep-12,2022/01/01 00:00,title-peep,N,message-peep,null,null
peep-13,2022/01/01 00:00,title-peep,Ni,message-peep,null,null
peep-14,2022/01/01 00:00,title-peep,This nickn has aprox. 75 characters so dont try to add any more or app die.,message-peep,null,null
peep-15,2022/01/01 00:00,title-peep,This nickn has aprox. 75 characters so dont try to add any more or app die,message-peep,null,null
peep-16,2022/01/01 00:00,title-peep,<h1>Nick-peep</h1>,message-peep,null,null
peep-17,2022/01/01 00:00,title-peep,"<script>alert(""Nick-peep"");</script>",message-peep,null,null
peep-18,2022/01/01 00:00,title-peep,سلام,message-peep,null,null
peep-19,2022/01/01 00:00,title-peep,سڵاو,message-peep,null,null
peep-20,2022/01/01 00:00,title-peep,nick-peep,M,null,null
peep-21,2022/01/01 00:00,title-peep,nick-peep,Me,null,null
peep-22,2022/01/01 00:00,title-peep,nick-peep,This message has aprox 100 characters so dont try add any more or ap'll die with terrible suffering.,null,null
peep-23,2022/01/01 00:00,title-peep,nick-peep,This message has aprox 99 characters so dont try add any more or ap'll die with terrible suffering.,null,null
peep-24,2022/01/01 00:00,title-peep,nick-peep,<h1>Message-peep</h1>,null,null
peep-25,2022/01/01 00:00,title-peep,nick-peep,"<script>alert(""Message-peep"");</script>",null,null
peep-26,2022/01/01 00:00,title-peep,nick-peep,안녕하세요,null,null
peep-27,2022/01/01 00:00,title-peep,nick-peep,ສະບາຍດີ,null,null
peep-28,2022/01/01 00:00,title-peep,nick-peep,message-peep,https:\\www.example.peep.com,null
peep-29,2022/01/01 00:00,title-peep,nick-peep,message-peep,http:\\www.example.com,null
peep-30,2022/01/01 00:00,title-peep,nick-peep,message-peep,https:\\www.example.peep.es,null
peep-31,2022/01/01 00:00,title-peep,nick-peep,message-peep,null,peep.example@hotmail.com
peep-32,2022/01/01 00:00,title-peep,nick-peep,message-peep,null,peep@gmail.com
peep-33,2022/01/01 00:00,title-peep,nick-peep,message-peep,null,peep@electronic.mail.com
